<?xml version='1.0' encoding='UTF-8' ?>
<timeLogEntries>
  <time id="1" path="/U3_Lab1_ErazoDavid/PSP0/Planning" start="@1505390881197" delta="7" />
  <time id="2" path="/U3_Lab1_ErazoDavid/PSP0/Code" start="@1505391278382" delta="77" />
  <time id="3" path="/U3_Lab1_ErazoDavid/PSP0/Code" start="@1505441206181" delta="114" />
  <time id="4" path="/U3_Lab1_ErazoDavid/PSP0/Code" start="@1505493545504" delta="22" />
  <time id="5" path="/U3_Lab1_ErazoDavid/PSP0/Test" start="@1505495013497" delta="25" />
  <time id="6" path="/U3_Lab2_ErazoDavid/PSP0/Planning" start="@1506088786389" delta="30" />
  <time id="7" path="/U3_Lab2_ErazoDavid/PSP0/Code" start="@1506090579037" delta="188" />
  <time id="8" path="/U3_Lab2_ErazoDavid/PSP0/Code" start="@1506130741665" delta="7" />
  <time id="9" path="/U4_Lab1_ErazoDavid/PSP0/Planning" start="@1506602354227" delta="29" />
  <time id="10" path="/U4_Lab1_ErazoDavid/PSP0/Code" start="@1506604133883" delta="28" />
  <time id="11" path="/U4_Lab1_ErazoDavid/PSP0/Code" start="@1506645611719" delta="159" />
  <time id="12" path="/U4_Lab1_ErazoDavid/PSP0/Code" start="@1506686490698" delta="236" />
  <time id="13" path="/U4_Lab1_ErazoDavid/PSP0/Code" start="@1506873587934" delta="194" interrupt="9" />
  <time id="14" path="/U4_Lab1_ErazoDavid/PSP0/Test" start="@1506885867348" delta="2" />
  <time id="15" path="/U4_Lab1_ErazoDavid/PSP0/Design" start="@1506885998188" delta="17" />
  <time id="16" path="/U4_Lab2_ErazoDavid/PSP0/Code" start="@1507207323458" delta="66" />
  <time id="17" path="/U4_Lab2_ErazoDavid/PSP0/Code" start="@1507300924403" delta="99" />
  <time id="18" path="/U4_Lab2_ErazoDavid/PSP0/Test" start="@1507313515508" delta="3" />
  <time id="19" path="/U4_Lab3_ErazoDavid/PSP0/Planning" start="@1507810035030" delta="15" />
  <time id="20" path="/U4_Lab3_ErazoDavid/PSP0/Code" start="@1507814404554" delta="20" />
  <time id="21" path="/U5_Lab1_ErazoDavid/PSP0/Planning" start="@1508416371684" delta="31" />
  <time id="22" path="/U5_Lab1_ErazoDavid/PSP0/Code" start="@1508418246425" delta="40" />
  <time id="23" path="/U5_Lab1_ErazoDavid/PSP0/Code" start="@1508444285221" delta="34" />
  <time id="24" path="/U5_Lab1_ErazoDavid/PSP0/Code" start="@1508505203555" delta="23" />
  <time id="25" path="/U5_Lab1_ErazoDavid/PSP0/Code" start="@1508520644740" delta="8" />
  <time id="26" path="/U5_Lab1_ErazoDavid/PSP0/Code" start="@1508635489968" delta="47" />
  <time id="27" path="/U5_Lab1_ErazoDavid/PSP0/Test" start="@1508638333480" delta="9" />
  <time id="28" path="/ProyectoFinal_DanielGalvis_DavidErazo/PSP0/Planning" start="@1508938093418" delta="83" />
  <time id="29" path="/U5_Lab2_ErazoDavid/PSP0/Planning" start="@1509019669861" delta="41" />
  <time id="30" path="/U5_Lab2_ErazoDavid/PSP0/Code" start="@1509022161488" delta="56" />
  <time id="31" path="/U5_Lab2_ErazoDavid/PSP0/Code" start="@1509224997735" delta="74" />
  <time id="32" path="/U5_Lab2_ErazoDavid/PSP0/Test" start="@1509229410472" delta="3" />
  <time id="33" path="/ProyectoFinal_DanielGalvis_DavidErazo/PSP0/Design" start="@1509304119506" delta="68" />
  <time id="34" path="/ProyectoFinal_DanielGalvis_DavidErazo/PSP0/Design" start="@1509310706150" delta="84" interrupt="3" />
  <time id="35" path="/ProyectoFinal_DanielGalvis_DavidErazo/PSP0/Code" start="@1509565773943" delta="124" />
  <time id="36" path="/U6_Lab1_ErazoDavid/PSP0/Planning" start="@1509624183162" delta="7" />
  <time id="37" path="/U6_Lab1_ErazoDavid/PSP0/Code" start="@1509624682798" delta="80" />
  <time id="38" path="/ProyectoFinal_DanielGalvis_DavidErazo/PSP0/Code" start="@1509668010895" delta="9" />
  <time id="39" path="/ProyectoFinal_DanielGalvis_DavidErazo/PSP0/Code" start="@1509670187997" delta="105" />
  <time id="40" path="/U6_Lab1_ErazoDavid/PSP0/Code" start="@1509725725894" delta="59" />
  <time id="41" path="/U6_Lab1_ErazoDavid/PSP0/Code" start="@1509803430514" delta="191" />
  <time id="42" path="/ProyectoFinal_DanielGalvis_DavidErazo/PSP0/Code" start="@1510149848696" delta="90" />
  <time id="43" path="/ProyectoFinal_DanielGalvis_DavidErazo/PSP0/Code" start="@1510187634012" delta="184" />
  <time id="44" path="/U6_Lab2_ErazoDavid/PSP0/Planning" start="@1510230114401" delta="50" />
  <time id="45" path="/U6_Lab2_ErazoDavid/PSP0/Code" start="@1510233093000" delta="42" />
  <time id="46" path="/U6_Lab2_ErazoDavid/PSP0/Code" start="@1510272780609" delta="44" />
  <time id="47" path="/U6_Lab2_ErazoDavid/PSP0/Code" start="@1510322832693" delta="58" />
  <time id="48" path="/U6_Lab2_ErazoDavid/PSP0/Code" start="@1510329789878" delta="50" />
  <time id="49" path="/U6_Lab2_ErazoDavid/PSP0/Design" start="@1510426745763" delta="21" />
  <time id="50" path="/U6_Lab2_ErazoDavid/PSP0/Design" start="@1510428694774" delta="2" />
  <time id="51" path="/U6_Lab2_ErazoDavid/PSP0/Test" start="@1510429233365" delta="1" />
  <time id="52" path="/ProyectoFinal_DanielGalvis_DavidErazo/PSP0/Code" start="@1510516333711" delta="61" />
  <time id="53" path="/ProyectoFinal_DanielGalvis_DavidErazo/PSP0/Code" start="@1510590755147" delta="157" />
  <time id="54" path="/ProyectoFinal_DanielGalvis_DavidErazo/PSP0/Code" start="@1510605434568" delta="34" />
  <time id="55" path="/ProyectoFinal_DanielGalvis_DavidErazo/PSP0/Code" start="@1510718408907" delta="34" />
  <time id="56" path="/ProyectoFinal_DanielGalvis_DavidErazo/PSP0/Code" start="@1510757468571" delta="168" />
  <time id="57" path="/ProyectoFinal_DanielGalvis_DavidErazo/PSP0/Code" start="@1510833490056" delta="6" />
  <time id="58" path="/ProyectoFinal_DanielGalvis_DavidErazo/PSP0/Code" start="@1511231899881" delta="90" />
  <time id="59" path="/ProyectoFinal_DanielGalvis_DavidErazo/PSP0/Code" start="@1511272155975" delta="573" />
  <time id="60" path="/ProyectoFinal_DanielGalvis_DavidErazo/PSP0/Test" start="@1511390500327" delta="106" />
  <time id="61" path="/U1_Lab1_DavidErazo/PSP0/Planning" start="@1516983590213" delta="70" interrupt="4" />
  <time id="62" path="/U1_Lab1_DavidErazo/PSP0/Planning" start="@1517008561721" delta="27" />
  <time id="63" path="/U1_Lab1_DavidErazo/PSP0/Planning" start="@1517086506055" delta="238" interrupt="13" />
  <time id="64" path="/U1_Lab1_DavidErazo/PSP0/Code" start="@1517590959386" delta="43" />
  <time id="65" path="/U1_Lab1_DavidErazo/PSP0/Code" start="@1517773015748" delta="205" />
  <time id="66" path="/U1_Lab1_DavidErazo/PSP0/Code" start="@1517787408154" delta="19" />
  <time id="67" path="/U1_Lab1_DavidErazo/PSP0/Code" start="@1517789095638" delta="29" interrupt="2" />
  <time id="68" path="/U1_Lab1_DavidErazo/PSP0/Code" start="@1518192763830" delta="105" />
  <time id="69" path="/U1_Lab1_DavidErazo/PSP0/Code" start="@1518284211811" delta="24" interrupt="23" />
  <time id="70" path="/U1_Lab1_DavidErazo/PSP0/Design" start="@1518287782176" delta="93" />
  <time id="71" path="/U2_Lab1_DavidErazo/PSP0/Planning" start="@1518799365730" delta="54" />
  <time id="72" path="/U2_Lab1_DavidErazo/PSP0/Design" start="@1519058375754" delta="63" />
  <time id="73" path="/U2_Lab1_DavidErazo/PSP0/Design" start="@1519404252928" delta="54" />
  <time id="74" path="/U2_Lab1_DavidErazo/PSP0/Code" start="@1520191199902" delta="222" />
  <time id="75" path="/U2_Lab1_DavidErazo/PSP0/Code" start="@1520210153461" delta="97" />
  <time id="76" path="/U2_Lab1_DavidErazo/PSP0/Code" start="@1520616535825" delta="23" />
  <time id="77" path="/U2_Lab1_DavidErazo/PSP0/Code" start="@1520745732775" delta="31" />
  <time id="78" path="/U2_Lab1_DavidErazo/PSP0/Code" start="@1520804246469" delta="152" />
  <time id="79" path="/U2_Lab1_DavidErazo/PSP0/Design" start="@1520813392225" delta="84" />
  <time id="80" path="/U2_Lab1_DavidErazo/PSP0/Design" start="@1520897329869" delta="21" />
  <time id="81" path="/U3_Lab1_ DavidErazo/PSP0/Planning" start="@1521329295492" delta="90" />
  <time id="82" path="/U3_Lab1_ DavidErazo/PSP0/Planning" start="@1523032743416" delta="73" />
  <time id="83" path="/U3_Lab1_ DavidErazo/PSP0/Planning" start="@1523637277107" delta="87" />
  <time id="84" path="/U3_Lab1_ DavidErazo/PSP0/Code" start="@1524006451216" delta="71" />
  <time id="85" path="/U3_Lab1_ DavidErazo/PSP0/Code" start="@1524173117773" delta="99" />
  <time id="86" path="/U3_Lab1_ DavidErazo/PSP0/Code" start="@1524240852997" delta="87" />
  <time id="87" path="/U3_Lab1_ DavidErazo/PSP0/Code" start="@1524343001145" delta="141" />
  <time id="88" path="/U3_Lab1_ DavidErazo/PSP0/Code" start="@1524505185164" delta="62" />
</timeLogEntries>
